empID,title,fName,lName,email,courseID
1,HR Specialist,Ernaline,McWhannel,ernaline.mcwhannel@hotmail.com,1
2,HR Specialist,Zebedee,Matysik,zebedee.matysik@gmail.com,2
3,Team Lead,Gaylord,Cornew,gaylord.cornew@yahoo.com,3
4,Quality Assurance,Aleen,Lealle,aleen.lealle@hotmail.com,4
5,UX Designer,Pepito,Hillburn,pepito.hillburn@yahoo.com,5
6,Team Lead,Orazio,MacWhirter,orazio.macwhirter@yahoo.com,6
7,Quality Assurance,Bastian,Hunter,bastian.hunter@yahoo.com,7
8,UX Designer,Mignon,Filipovic,mignon.filipovic@rediffmail.com,8
9,Product Owner,Esme,McMurraya,esme.mcmurraya@hotmail.com,9
10,HR Specialist,Travus,Hamal,travus.hamal@yahoo.com,10
11,UX Designer,Keenan,Farr,keenan.farr@gmail.com,11
12,Team Lead,Maximilien,Bahde,maximilien.bahde@yahoo.com,12
13,Product Owner,Gordy,Simionescu,gordy.simionescu@live.fr,13
14,Manager,Carling,Taill,carling.taill@gmail.com,14
15,Customer Support,Kaye,Mealand,kaye.mealand@hotmail.com,15
16,System Administrator,Cathi,Giddens,cathi.giddens@gmail.com,16
17,HR Specialist,Gretel,Deek,gretel.deek@gmail.com,17
18,Data Analyst,Allen,Alflat,allen.alflat@gmail.com,18
19,UX Designer,Idell,Hamsher,idell.hamsher@hotmail.com,19
20,Software Engineer,Grover,Titcombe,grover.titcombe@yahoo.com,20
21,Manager,Corinna,Clilverd,corinna.clilverd@outlook.com,21
22,Marketing Coordinator,Anthia,Bennedsen,anthia.bennedsen@hotmail.com,22
23,Product Owner,Pauletta,Primo,pauletta.primo@yahoo.com,23
24,UX Designer,Elsy,Noore,elsy.noore@hotmail.com,24
25,System Administrator,Garold,Alldridge,garold.alldridge@hotmail.it,25
26,Team Lead,Rich,Orrah,rich.orrah@hotmail.com,26
27,Director,Concettina,Coen,concettina.coen@aol.com,27
28,Business Analyst,Amy,McCaw,amy.mccaw@yahoo.com,28
29,Quality Assurance,Artemas,Gaveltone,artemas.gaveltone@gmail.com,29
30,Marketing Coordinator,Wash,Louis,wash.louis@comcast.net,30
31,Manager,Hyacintha,Arnefield,hyacintha.arnefield@hotmail.com,31
32,Marketing Coordinator,Rudolfo,Jenne,rudolfo.jenne@gmail.com,32
33,Team Lead,Ainsley,Stovold,ainsley.stovold@yahoo.co.uk,33
34,HR Specialist,Feliks,Issacov,feliks.issacov@bellsouth.net,34
35,Team Lead,Albertine,McIlwaine,albertine.mcilwaine@yahoo.com,35
36,Data Analyst,Abbott,Felgate,abbott.felgate@yahoo.fr,36
37,Quality Assurance,Carla,Furminger,carla.furminger@yahoo.com,37
38,Manager,Margaret,Ivashin,margaret.ivashin@yahoo.com,38
39,UX Designer,Angil,Teasell,angil.teasell@yahoo.com,39
40,DevOps Engineer,Torrey,Arnoldi,torrey.arnoldi@yahoo.com,40
41,System Administrator,Nikki,Karoly,nikki.karoly@msn.com,41
42,HR Specialist,Carlynn,Hartman,carlynn.hartman@hotmail.com,42
43,Team Lead,Erika,Ketteridge,erika.ketteridge@bigpond.com,43
44,Product Owner,Alix,Geeve,alix.geeve@hotmail.co.uk,44
45,Data Analyst,Olag,Capenor,olag.capenor@hotmail.co.uk,45
46,Quality Assurance,Mitch,Greir,mitch.greir@hotmail.fr,46
47,System Administrator,Gabbie,Minett,gabbie.minett@yahoo.co.uk,47
48,Manager,Katrina,Hundal,katrina.hundal@gmail.com,48
49,DevOps Engineer,Flossie,Abbotts,flossie.abbotts@gmail.com,49
50,UX Designer,Ellswerth,Lamartine,ellswerth.lamartine@yahoo.com,50
51,Marketing Coordinator,Shannen,Scattergood,shannen.scattergood@yahoo.com.ar,51
52,DevOps Engineer,Josie,Swayne,josie.swayne@rambler.ru,52
53,Data Analyst,Johnna,Janjic,johnna.janjic@yahoo.com,53
54,UX Designer,Steward,Gunner,steward.gunner@hotmail.com,54
55,Team Lead,Jonis,Esposita,jonis.esposita@hotmail.com,55
56,Data Analyst,Ernest,Raund,ernest.raund@gmail.com,56
57,Business Analyst,Filbert,Ducrow,filbert.ducrow@yahoo.com,57
58,DevOps Engineer,Marwin,McRobb,marwin.mcrobb@aol.com,58
59,HR Specialist,Jon,Ibbetson,jon.ibbetson@gmail.com,59
60,UX Designer,Arlene,Fancutt,arlene.fancutt@web.de,60
61,Manager,Nil,Morcombe,nil.morcombe@hotmail.com,61
62,DevOps Engineer,Diego,Eckhard,diego.eckhard@gmail.com,62
63,Customer Support,Van,Cazin,van.cazin@verizon.net,63
64,System Administrator,Dirk,Prestland,dirk.prestland@aol.com,64
65,Sales Executive,Nev,Bulpitt,nev.bulpitt@yahoo.com,65
66,DevOps Engineer,Jillayne,Gostling,jillayne.gostling@gmx.de,66
67,UX Designer,Chip,Philbrick,chip.philbrick@hotmail.co.uk,67
68,Product Owner,Nicolas,Avraam,nicolas.avraam@yahoo.fr,68
69,Business Analyst,Natka,Scambler,natka.scambler@gmail.com,69
70,Product Owner,Hatti,Buxsey,hatti.buxsey@gmail.com,70
71,HR Specialist,Petrina,Dumphry,petrina.dumphry@hotmail.com,71
72,UX Designer,Trenna,Ettery,trenna.ettery@hotmail.com,72
73,System Administrator,Nessa,Winckle,nessa.winckle@aol.com,73
74,Product Owner,Shell,Irving,shell.irving@gmail.com,74
75,HR Specialist,Rosmunda,Keavy,rosmunda.keavy@yahoo.com,75
76,Product Owner,Avis,Harle,avis.harle@gmail.com,76
77,Team Lead,Gwendolin,Measom,gwendolin.measom@hotmail.com,77
78,Business Analyst,Kasper,Biddell,kasper.biddell@aol.com,78
79,UX Designer,Mufi,Beri,mufi.beri@gmail.com,79
80,HR Specialist,Idette,Eslemont,idette.eslemont@gmail.com,80
81,Director,Johnath,Southall,johnath.southall@free.fr,81
82,System Administrator,Sarina,O'Dowgaine,sarina.odowgaine@ig.com.br,82
83,Marketing Coordinator,Kristi,Bysshe,kristi.bysshe@gmail.com,83
84,Marketing Coordinator,Winston,Whitnall,winston.whitnall@hotmail.com,84
85,Data Analyst,Constantine,Speere,constantine.speere@yahoo.fr,85
86,Marketing Coordinator,Rachele,Uccello,rachele.uccello@hotmail.com,86
87,Manager,Helen-elizabeth,Huxton,helenelizabeth.huxton@hotmail.com,87
88,Business Analyst,Emmit,Chesshyre,emmit.chesshyre@yahoo.co.uk,88
89,Sales Executive,Ansel,Tolumello,ansel.tolumello@gmail.com,89
90,Customer Support,Bari,Kassel,bari.kassel@yahoo.co.in,90
91,Team Lead,Urbanus,Schust,urbanus.schust@hotmail.co.uk,91
92,Team Lead,Esmeralda,Deas,esmeralda.deas@tin.it,92
93,Product Owner,Heloise,Buist,heloise.buist@yahoo.com,93
94,Software Engineer,Nicki,Slowcock,nicki.slowcock@wanadoo.fr,94
95,DevOps Engineer,Gilligan,Orritt,gilligan.orritt@hotmail.com,95
96,Product Owner,Falito,Petticrew,falito.petticrew@yahoo.com,96
97,Director,Nevsa,Tresvina,nevsa.tresvina@hotmail.com,97
98,Sales Executive,Westley,Rao,westley.rao@gmail.com,98
99,Sales Executive,Sari,Hebburn,sari.hebburn@hotmail.com,99
100,Director,Cornelia,D'Arrigo,cornelia.darrigo@gmail.com,100
