qID,sID,content,datePosted,isApproved
1,33,"How do I get a local student ID, and what benefits does it offer?",2024-03-26 09:31:48,1
2,64,What is the cost of living in the city where the program is located?,2023-12-04 09:34:47,1
3,44,What kind of student insurance should I get for my time abroad?,2024-07-15 18:30:25,0
4,60,Are there any local traditions or holidays I should be aware of during my stay?,2024-05-05 22:24:35,1
5,57,What is the weather like in the city during the academic year?,2024-07-01 23:51:13,0
6,12,"Is there access to healthcare for international students, and how does it work?",2024-06-20 06:32:43,0
7,22,Are there any local banks that offer student accounts with no fees?,2024-01-09 22:29:51,1
8,18,What is the procedure for enrolling in courses as an international student?,2024-02-13 00:07:16,1
9,3,How safe is the neighborhood around the university for international students?,2024-01-30 15:40:31,1
10,83,How can I stay updated on events and activities on campus?,2024-07-18 23:17:16,0
11,60,Are there international student groups or events to help me meet people?,2023-12-06 04:56:32,1
12,21,How do I open a bank account as an international student?,2024-03-30 22:52:21,0
13,80,What’s the best way to stay connected to my home country's news and culture?,2024-02-10 21:59:53,1
14,25,How does the grading system work at the university compared to my home country?,2024-11-27 16:38:25,0
15,29,"What is the food culture like, and are there options for vegetarians or vegans?",2024-09-14 06:35:40,1
16,84,How can I find a roommate or share accommodation with other students?,2024-03-11 05:35:22,0
17,73,Are there any specific health vaccinations or medications I should take before arriving?,2024-09-28 03:47:39,0
18,42,What are the most common challenges international students face in this city or country?,2024-08-18 18:23:23,1
19,35,"Can I use international credit cards, or should I get a local one?",2024-11-13 04:20:51,1
20,28,How do I find out about housing or accommodation options near campus?,2024-04-26 11:51:13,0
21,30,Can I transfer credits from my study abroad program back to my home institution?,2024-04-02 14:12:09,0
22,45,Are there any community service opportunities for international students?,2024-03-08 02:41:12,0
23,92,What is the procedure for enrolling in courses as an international student?,2024-08-17 06:46:22,1
24,36,How can I find a roommate or share accommodation with other students?,2024-03-15 19:29:16,1
25,98,"How do I get a local student ID, and what benefits does it offer?",2024-09-22 17:53:32,1
26,61,What is the procedure for enrolling in courses as an international student?,2024-10-18 00:30:15,0
27,92,What is the average class size for courses at the university?,2024-05-09 13:17:58,1
28,78,Are there opportunities for international students to engage in local political or social movements?,2024-10-28 03:04:33,0
29,34,What is the average tuition fee for international students at this university?,2024-04-05 03:36:41,0
30,84,Are there opportunities for international students to engage in local political or social movements?,2024-11-19 15:22:41,1
31,82,Are there any community service opportunities for international students?,2024-07-06 21:06:48,0
32,33,Is it easy to access high-speed internet in the city or campus?,2024-04-07 02:37:10,1
33,13,"Can I use international credit cards, or should I get a local one?",2024-08-05 20:47:30,0
34,84,What’s the best way to stay connected to my home country's news and culture?,2024-09-05 18:15:08,0
35,79,Are there any cultural exchange programs or volunteering opportunities?,2024-03-27 22:26:55,0
36,19,How do I get involved in research or academic opportunities as an international student?,2024-09-26 23:26:37,1
37,66,"How do I handle emergencies, like accidents or illnesses, while studying abroad?",2024-09-21 15:55:40,0
38,95,What is the local attitude toward tourists and foreigners in general?,2024-11-27 07:21:50,0
39,5,What is the local attitude toward environmental sustainability and eco-friendly practices?,2024-03-24 08:27:03,1
40,78,How do I find out about housing or accommodation options near campus?,2024-01-13 06:01:09,0
41,47,Are there any cultural exchange programs or volunteering opportunities?,2024-09-27 01:21:58,0
42,55,What are the main safety concerns in this city or country?,2024-09-09 07:01:29,0
43,99,How do I find out about housing or accommodation options near campus?,2024-02-03 05:09:01,1
44,36,How strict are the rules and regulations regarding student conduct and behavior?,2024-07-25 02:25:44,1
45,97,Are there any community service opportunities for international students?,2024-11-07 02:16:01,0
46,6,Are there any community service opportunities for international students?,2023-12-13 19:37:54,0
47,59,"What are the public transportation options, and are they affordable?",2024-11-09 08:39:16,1
48,75,How safe is the neighborhood around the university for international students?,2024-03-12 08:19:18,0
49,73,What is the general level of English spoken in the city or region?,2024-09-06 15:51:59,0
50,81,What types of extracurricular activities are available for international students?,2024-05-14 19:03:01,1
51,84,What is the cost of living in the city where the program is located?,2024-06-12 12:16:40,0
52,98,What is the weather like in the city during the academic year?,2024-11-21 11:35:30,1
53,57,Are there any cultural exchange programs or volunteering opportunities?,2024-04-05 23:40:59,0
54,59,What’s the best way to stay connected to my home country's news and culture?,2024-11-14 10:32:31,1
55,17,What is the weather like in the city during the academic year?,2023-12-17 09:53:32,0
56,75,"Is there access to healthcare for international students, and how does it work?",2024-06-29 09:43:54,0
57,93,How does the grading system work at the university compared to my home country?,2024-06-23 09:46:44,1
58,51,"How do I handle emergencies, like accidents or illnesses, while studying abroad?",2024-08-25 04:39:30,0
59,51,How can I stay connected with family and friends back home while abroad?,2024-08-19 06:56:17,1
60,78,Are there any student discounts available for transportation or entertainment?,2024-09-16 12:35:11,0
61,24,Are there any cultural exchange programs or volunteering opportunities?,2024-09-28 06:25:27,0
62,96,What is the weather like in the city during the academic year?,2024-11-19 11:29:18,0
63,18,Are there opportunities for international students to engage in local political or social movements?,2024-06-20 10:17:23,0
64,34,How safe is the neighborhood around the university for international students?,2024-06-29 17:45:49,0
65,87,What are the visa requirements for studying in this country?,2024-01-25 15:32:04,0
66,49,Is it easy to travel around the country during weekends or holidays?,2024-08-27 06:37:32,0
67,2,Are there any local networking or career events for international students?,2024-10-31 02:36:38,0
68,12,Is it easy to access high-speed internet in the city or campus?,2024-07-07 17:15:46,0
69,23,What is the cost of living in the city where the program is located?,2024-05-31 04:09:40,1
70,61,Are there any travel restrictions or advisories for international students?,2024-09-04 10:47:29,0
